customer_id,customer_name,recency,frequency,monetary,R_score,F_score,M_score,RFM_score,CLV
1,Aisha Khan,456.0,1,330.98,1,7,9,179,1654.9
2,Ravi Singh,473.0,1,119.0,2,9,1,291,595.0
3,Maya Patel,496.0,1,143.982,3,10,10,31010,719.91
4,Sam Taylor,999.0,0,0.0,4,1,2,412,0.0
5,Zara Ali,999.0,0,0.0,5,2,3,523,0.0
6,Aisha Khan,999.0,0,0.0,6,3,4,634,0.0
7,Ravi Singh,999.0,0,0.0,7,4,5,745,0.0
8,Maya Patel,999.0,0,0.0,8,5,6,856,0.0
9,Sam Taylor,999.0,0,0.0,9,6,7,967,0.0
10,Zara Ali,999.0,0,0.0,10,8,8,1088,0.0
